Price,Adj Close,Close,High,Low,Open,Volume,HMA_10_custom,HMA_50_custom
Ticker,AMD,AMD,AMD,AMD,AMD,AMD,,
Date,,,,,,,,
2023-01-03 00:00:00+00:00,64.0199966430664,64.0199966430664,66.87999725341797,63.59000015258789,66.0,46851800,,
2023-01-04 00:00:00+00:00,64.66000366210938,64.66000366210938,65.79000091552734,63.310001373291016,65.0,47477100,,
2023-01-05 00:00:00+00:00,62.33000183105469,62.33000183105469,64.3499984741211,62.29999923706055,64.1500015258789,46159500,,
2023-01-06 00:00:00+00:00,63.959999084472656,63.959999084472656,64.30000305175781,60.04999923706055,63.150001525878906,70161300,,
2023-01-09 00:00:00+00:00,67.23999786376953,67.23999786376953,69.31999969482422,65.66999816894531,66.22000122070312,69741300,,
2023-01-10 00:00:00+00:00,68.05000305175781,68.05000305175781,68.1500015258789,66.55999755859375,66.66999816894531,41149600,,
2023-01-11 00:00:00+00:00,69.05999755859375,69.05999755859375,69.12999725341797,67.22000122070312,68.38999938964844,44470100,,
2023-01-12 00:00:00+00:00,70.80000305175781,70.80000305175781,71.6500015258789,67.18000030517578,70.06999969482422,70066200,,
2023-01-13 00:00:00+00:00,71.0,71.0,71.0999984741211,69.2300033569336,69.83999633789062,45757400,,
2023-01-17 00:00:00+00:00,71.58999633789062,71.58999633789062,72.66000366210938,70.6500015258789,70.87000274658203,42621300,,
2023-01-18 00:00:00+00:00,70.52999877929688,70.52999877929688,72.77999877929688,70.5,71.87000274658203,39538700,,
2023-01-19 00:00:00+00:00,67.70999908447266,67.70999908447266,69.25,67.2699966430664,68.97000122070312,47189900,8.177965977986648,
2023-01-20 00:00:00+00:00,70.06999969482422,70.06999969482422,70.12999725341797,67.44999694824219,68.01000213623047,47757600,7.491832707722982,
2023-01-23 00:00:00+00:00,76.52999877929688,76.52999877929688,76.58999633789062,71.54000091552734,72.22000122070312,84293200,7.6665995025634786,
2023-01-24 00:00:00+00:00,74.69999694824219,74.69999694824219,75.63999938964844,73.41999816894531,73.75,60822600,8.171432825724288,
2023-01-25 00:00:00+00:00,74.91000366210938,74.91000366210938,75.12000274658203,72.08999633789062,72.9000015258789,49932600,8.712666702270507,
2023-01-26 00:00:00+00:00,75.16000366210938,75.16000366210938,77.08000183105469,74.27999877929688,76.5,49583900,9.060267435709632,
2023-01-27 00:00:00+00:00,75.4000015258789,75.4000015258789,76.73999786376953,73.48999786376953,73.69999694824219,58118600,9.130867919921872,
2023-01-30 00:00:00+00:00,72.44999694824219,72.44999694824219,74.63999938964844,72.4000015258789,74.2300033569336,48105200,8.570067571004234,
2023-01-31 00:00:00+00:00,75.1500015258789,75.1500015258789,75.19999694824219,72.02999877929688,72.26000213623047,71669100,8.07783391316732,
2023-02-01 00:00:00+00:00,84.63999938964844,84.63999938964844,85.4800033569336,77.87999725341797,78.47000122070312,152548200,8.696600062052408,
2023-02-02 00:00:00+00:00,88.30999755859375,88.30999755859375,88.94000244140625,83.19999694824219,84.29000091552734,97762100,10.227899475097654,
2023-02-03 00:00:00+00:00,86.08999633789062,86.08999633789062,88.80000305175781,85.83000183105469,86.66000366210938,66557800,11.618665542602539,
2023-02-06 00:00:00+00:00,83.68000030517578,83.68000030517578,86.27999877929688,83.22000122070312,84.62999725341797,53008900,12.179332249959312,
2023-02-07 00:00:00+00:00,85.91000366210938,85.91000366210938,86.25,82.5199966430664,84.31999969482422,65291900,12.065699590047199,
2023-02-08 00:00:00+00:00,84.69000244140625,84.69000244140625,88.0,84.54000091552734,85.87999725341797,54140400,11.23916712443034,
2023-02-09 00:00:00+00:00,83.20999908447266,83.20999908447266,86.66999816894531,82.76000213623047,85.87999725341797,46525400,10.015334167480473,
2023-02-10 00:00:00+00:00,81.4800033569336,81.4800033569336,82.70999908447266,80.47000122070312,82.29000091552734,49332600,8.721434504191082,
2023-02-13 00:00:00+00:00,83.12999725341797,83.12999725341797,84.1500015258789,80.9000015258789,81.56999969482422,45400000,7.894667358398442,
2023-02-14 00:00:00+00:00,85.94999694824219,85.94999694824219,86.19000244140625,81.7699966430664,82.69999694824219,55979700,7.789333165486655,
2023-02-15 00:00:00+00:00,85.18000030517578,85.18000030517578,85.88999938964844,83.31999969482422,85.0999984741211,46430200,8.123999303181964,
2023-02-16 00:00:00+00:00,80.08000183105469,80.08000183105469,83.3499984741211,80.05000305175781,82.9800033569336,57755200,8.090999425252278,
2023-02-17 00:00:00+00:00,78.5,78.5,79.6500015258789,77.37000274658203,79.5999984741211,47826600,7.603232981363935,
2023-02-21 00:00:00+00:00,76.7699966430664,76.7699966430664,78.45999908447266,76.44999694824219,77.1500015258789,44045600,6.734299621582035,
2023-02-22 00:00:00+00:00,76.61000061035156,76.61000061035156,78.12999725341797,75.91999816894531,76.93000030517578,50286800,5.9098331197102905,
2023-02-23 00:00:00+00:00,79.75,79.75,81.79000091552734,77.97000122070312,80.62999725341797,76391300,5.74959991455078,
2023-02-24 00:00:00+00:00,78.08999633789062,78.08999633789062,78.80999755859375,76.94000244140625,77.75,46700000,6.043999633789059,
2023-02-27 00:00:00+00:00,78.7699966430664,78.7699966430664,80.12000274658203,78.52999877929688,79.63999938964844,45617300,6.634199244181313,
2023-02-28 00:00:00+00:00,78.58000183105469,78.58000183105469,80.13999938964844,77.41999816894531,77.87000274658203,44220100,7.23236612955729,
2023-03-01 00:00:00+00:00,78.29000091552734,78.29000091552734,80.29000091552734,77.87999725341797,78.55000305175781,44266000,7.677833226521808,
2023-03-02 00:00:00+00:00,80.44000244140625,80.44000244140625,80.91999816894531,76.6500015258789,77.56999969482422,60108600,8.077600529988604,
2023-03-03 00:00:00+00:00,81.5199966430664,81.5199966430664,81.62999725341797,79.33999633789062,80.4000015258789,54536200,8.508867212931314,
2023-03-06 00:00:00+00:00,81.16000366210938,81.16000366210938,83.30000305175781,81.04000091552734,82.02999877929688,54541300,8.827067489624023,
2023-03-07 00:00:00+00:00,82.11000061035156,82.11000061035156,84.8499984741211,80.66999816894531,81.06999969482422,70959000,9.07640075683594,
2023-03-08 00:00:00+00:00,85.37000274658203,85.37000274658203,85.7699966430664,82.27999877929688,82.79000091552734,69529800,9.528334172566732,
2023-03-09 00:00:00+00:00,84.02999877929688,84.02999877929688,87.80999755859375,83.58999633789062,85.29000091552734,79496700,9.818133824666337,
2023-03-10 00:00:00+00:00,82.66999816894531,82.66999816894531,85.44999694824219,81.62999725341797,84.47000122070312,70273600,9.730800018310545,
2023-03-13 00:00:00+00:00,82.01000213623047,82.01000213623047,83.83000183105469,78.5199966430664,81.38999938964844,65269100,9.309533131917322,
2023-03-14 00:00:00+00:00,87.44999694824219,87.44999694824219,88.30000305175781,83.58999633789062,83.66999816894531,66616300,9.30759943644206,
2023-03-15 00:00:00+00:00,89.68000030517578,89.68000030517578,90.41999816894531,86.22000122070312,86.7699966430664,86177400,9.74329935709636,
2023-03-16 00:00:00+00:00,96.5999984741211,96.5999984741211,96.69000244140625,89.0199966430664,89.72000122070312,115839200,11.058699340820318,
2023-03-17 00:00:00+00:00,97.83999633789062,97.83999633789062,98.75,95.94000244140625,96.66000366210938,94080800,12.611932500203455,
2023-03-20 00:00:00+00:00,96.80999755859375,96.80999755859375,96.94000244140625,92.9000015258789,96.30000305175781,92008900,13.684932327270513,
2023-03-21 00:00:00+00:00,95.93000030517578,95.93000030517578,99.45999908447266,93.63999938964844,97.0,85285300,13.79763259887695,
2023-03-22 00:00:00+00:00,97.58000183105469,97.58000183105469,101.69999694824219,95.63999938964844,95.6500015258789,110816300,13.343133214314776,
2023-03-23 00:00:00+00:00,100.27999877929688,100.27999877929688,102.43000030517578,98.66999816894531,100.05000305175781,84088900,12.766233596801749,48.79205559212824
2023-03-24 00:00:00+00:00,97.94999694824219,97.94999694824219,99.5199966430664,96.73999786376953,99.18000030517578,64712400,12.010366872151685,52.856526755196725
2023-03-27 00:00:00+00:00,96.61000061035156,96.61000061035156,98.93000030517578,95.43000030517578,98.0199966430664,57461400,11.149133555094398,56.604646719796335
2023-03-28 00:00:00+00:00,94.55999755859375,94.55999755859375,96.94000244140625,92.87000274658203,96.7699966430664,59150100,10.173933283487958,59.78755798775811
2023-03-29 00:00:00+00:00,96.08999633789062,96.08999633789062,96.91000366210938,94.87000274658203,96.06999969482422,55326000,9.44843282063802,62.568483261108405
2023-03-30 00:00:00+00:00,97.87999725341797,97.87999725341797,99.52999877929688,97.25,98.0,59678500,9.19456581115722,65.09479411097938
2023-03-31 00:00:00+00:00,98.01000213623047,98.01000213623047,98.36000061035156,95.2699966430664,96.33999633789062,55861100,9.357266184488928,67.33381394522533
2023-04-03 00:00:00+00:00,96.55999755859375,96.55999755859375,96.79000091552734,94.80999755859375,96.69999694824219,50655300,9.556366399129233,69.11557082693916
2023-04-04 00:00:00+00:00,95.87000274658203,95.87000274658203,97.2699966430664,95.20999908447266,97.04000091552734,43195900,9.629433695475264,70.42428527614047
2023-04-05 00:00:00+00:00,92.55999755859375,92.55999755859375,94.5,91.36000061035156,94.3499984741211,52979300,9.223600514729817,70.95316240365163
2023-04-06 00:00:00+00:00,92.47000122070312,92.47000122070312,92.91000366210938,90.62000274658203,91.47000122070312,47778400,8.620600687662769,70.76881693594795
2023-04-10 00:00:00+00:00,95.4800033569336,95.4800033569336,95.80000305175781,91.0199966430664,91.31999969482422,52536300,8.38356755574545,70.23506617954799
2023-04-11 00:00:00+00:00,94.02999877929688,94.02999877929688,96.06999969482422,92.69000244140625,96.05999755859375,51935800,8.398234125773119,69.23379523141045
2023-04-12 00:00:00+00:00,92.33000183105469,92.33000183105469,95.0,91.73999786376953,94.97000122070312,53383100,8.419067331949877,67.6684015590123
2023-04-13 00:00:00+00:00,92.08999633789062,92.08999633789062,93.16000366210938,91.83000183105469,92.79000091552734,40572500,8.449300079345702,65.63460462297715
2023-04-14 00:00:00+00:00,91.75,91.75,92.97000122070312,90.5,91.81999969482422,38734800,8.456333007812493,63.21485056195945
2023-04-17 00:00:00+00:00,89.87000274658203,89.87000274658203,90.69000244140625,88.30000305175781,90.2300033569336,47250800,8.237833073933912,60.29500253077921
2023-04-18 00:00:00+00:00,89.77999877929688,89.77999877929688,92.16000366210938,89.33000183105469,91.61000061035156,46246300,7.98793314615885,56.90511145455497
2023-04-19 00:00:00+00:00,89.94000244140625,89.94000244140625,90.54000091552734,88.22000122070312,88.51000213623047,37344500,7.872066802978519,53.09650633893695
2023-04-20 00:00:00+00:00,90.11000061035156,90.11000061035156,91.58000183105469,88.7300033569336,88.83000183105469,47082700,7.932967046101886,49.008704114641446
2023-04-21 00:00:00+00:00,88.43000030517578,88.43000030517578,89.80000305175781,88.05999755859375,89.80000305175781,41118300,7.955500437418617,44.57634756905691
2023-04-24 00:00:00+00:00,87.56999969482422,87.56999969482422,88.63999938964844,86.33999633789062,88.11000061035156,40423800,7.926666895548505,39.87357950265066
2023-04-25 00:00:00+00:00,83.80000305175781,83.80000305175781,87.05999755859375,83.76000213623047,86.9000015258789,52771500,7.500233662923184,34.69403446742464
2023-04-26 00:00:00+00:00,85.94000244140625,85.94000244140625,87.3499984741211,85.31999969482422,86.51000213623047,47786600,7.184100494384774,29.473363756452272
2023-04-27 00:00:00+00:00,87.44000244140625,87.44000244140625,87.56999969482422,84.08999633789062,86.41000366210938,53087200,7.226634012858081,24.48028738621304
2023-04-28 00:00:00+00:00,89.37000274658203,89.37000274658203,89.75,86.44000244140625,87.0199966430664,50652100,7.803500823974618,19.982368214198523
2023-05-01 00:00:00+00:00,89.69000244140625,89.69000244140625,91.04000091552734,88.61000061035156,91.02999877929688,59358700,8.60186754862468,16.052603341238857
2023-05-02 00:00:00+00:00,89.91000366210938,89.91000366210938,90.45999908447266,88.12000274658203,89.31999969482422,70483500,9.400467554728191,12.72676426696779
2023-05-03 00:00:00+00:00,81.62000274658203,81.62000274658203,85.4800033569336,81.0199966430664,83.54000091552734,109482200,9.07410079956055,9.142122286115363
2023-05-04 00:00:00+00:00,86.61000061035156,86.61000061035156,91.63999938964844,81.11000061035156,81.56999969482422,122840500,8.600067113240566,5.906379991803845
2023-05-05 00:00:00+00:00,89.83999633789062,89.83999633789062,90.43000030517578,84.72000122070312,84.98999786376953,78407400,8.482266235351569,3.305525551932188
2023-05-08 00:00:00+00:00,95.04000091552734,95.04000091552734,95.66000366210938,89.16999816894531,89.98999786376953,95503200,9.290099054972334,1.7974766758509628
2023-05-09 00:00:00+00:00,95.05999755859375,95.05999755859375,96.16000366210938,93.43000030517578,94.88999938964844,68674800,10.411231943766275,1.2426016605921566
2023-05-10 00:00:00+00:00,97.0199966430664,97.0199966430664,99.94000244140625,96.12000274658203,96.41999816894531,95619500,11.715198313395181,1.7132519378661724
2023-05-11 00:00:00+00:00,97.0999984741211,97.0999984741211,99.19000244140625,96.13999938964844,98.16000366210938,57061000,12.544598363240562,3.0607478267124666
2023-05-12 00:00:00+00:00,95.26000213623047,95.26000213623047,97.44999694824219,93.68000030517578,96.83000183105469,53790400,12.569732437133796,4.928261186872215
2023-05-15 00:00:00+00:00,97.4000015258789,97.4000015258789,97.43000030517578,93.44999694824219,95.19999694824219,51749200,12.1472332763672,7.281571960449239
2023-05-16 00:00:00+00:00,101.4800033569336,101.4800033569336,103.27999877929688,97.30999755859375,97.38999938964844,90622900,11.983834203084324,10.345383198329403
2023-05-17 00:00:00+00:00,103.75,103.75,104.13999938964844,100.05000305175781,101.79000091552734,75240900,12.185501225789404,14.127242989676343
2023-05-18 00:00:00+00:00,107.93000030517578,107.93000030517578,108.0999984741211,103.93000030517578,103.9800033569336,74338700,12.944767786661794,18.85321710205081
2023-05-19 00:00:00+00:00,105.81999969482422,105.81999969482422,107.29000091552734,104.62000274658203,106.36000061035156,67830600,13.548400599161798,24.0425282527379
2023-05-22 00:00:00+00:00,108.0,108.0,108.79000091552734,103.48999786376953,104.68000030517578,65424200,13.943466771443692,29.73218786403111
2023-05-23 00:00:00+00:00,108.12000274658203,108.12000274658203,110.98999786376953,107.19000244140625,107.25,73099100,13.882733332316082,35.711616221836636
2023-05-24 00:00:00+00:00,108.2699966430664,108.2699966430664,108.91000366210938,105.63999938964844,105.9800033569336,65910500,13.49886629740397,41.75878125
2023-05-25 00:00:00+00:00,120.3499984741211,120.3499984741211,120.69000244140625,115.80000305175781,117.30999755859375,108514700,14.08056599934896,48.87712610953193
2023-05-26 00:00:00+00:00,127.02999877929688,127.02999877929688,127.43000030517578,120.88999938964844,122.45999908447266,92922800,15.78576583862305,57.3575709163121
2023-05-30 00:00:00+00:00,125.2699966430664,125.2699966430664,130.7899932861328,123.51000213623047,130.4199981689453,98902300,17.433298975626624,66.53976405334478
2023-05-31 00:00:00+00:00,118.20999908447266,118.20999908447266,123.95999908447266,117.86000061035156,122.41999816894531,87552200,17.626165669759107,75.34796297999793
2023-06-01 00:00:00+00:00,119.47000122070312,119.47000122070312,121.27999877929688,116.5999984741211,117.29000091552734,66032900,16.727766164143876,83.6469907967704
2023-06-02 00:00:00+00:00,117.86000061035156,117.86000061035156,121.66000366210938,117.68000030517578,120.75,52331100,14.931333414713546,91.06249027579176
2023-06-05 00:00:00+00:00,117.93000030517578,117.93000030517578,119.31999969482422,116.41999816894531,116.58999633789062,52602900,13.002833836873378,97.44928998456687
2023-06-06 00:00:00+00:00,124.2300033569336,124.2300033569336,124.41999816894531,117.73999786376953,117.91000366210938,75257500,12.176101023356125,103.31145303344731
2023-06-07 00:00:00+00:00,117.83000183105469,117.83000183105469,125.33999633789062,117.06999969482422,124.02999877929688,81755200,11.725301284790044,107.94763061523437
2023-06-08 00:00:00+00:00,121.05000305175781,121.05000305175781,122.20999908447266,117.05000305175781,118.30000305175781,65246900,11.78976804097493,111.85433995056151
2023-06-09 00:00:00+00:00,124.91999816894531,124.91999816894531,127.25,123.55000305175781,123.56999969482422,75051600,12.45000083923339,115.43084044974191
2023-06-12 00:00:00+00:00,129.19000244140625,129.19000244140625,130.47999572753906,126.4000015258789,128.52000427246094,85394700,13.74636716206868,118.97613541739327
2023-06-13 00:00:00+00:00,124.52999877929688,124.52999877929688,132.8300018310547,122.44999694824219,132.32000732421875,132461900,14.42533325195313,121.85220155988422
2023-06-14 00:00:00+00:00,127.33000183105469,127.33000183105469,127.7300033569336,123.80999755859375,126.52999877929688,95888100,14.831799748738613,124.28431921168735
2023-06-15 00:00:00+00:00,124.23999786376953,124.23999786376953,125.69999694824219,122.26000213623047,125.38999938964844,85587100,14.515932744344079,125.85318220738004
2023-06-16 00:00:00+00:00,120.08000183105469,120.08000183105469,125.8499984741211,119.9000015258789,125.81999969482422,81846900,13.392499567667645,126.2027195739746
2023-06-20 00:00:00+00:00,118.93000030517578,118.93000030517578,121.75,117.69999694824219,119.08999633789062,58851800,11.839999694824227,125.26911685834614
2023-06-21 00:00:00+00:00,112.11000061035156,112.11000061035156,119.19000244140625,111.66999816894531,118.48999786376953,82835600,9.927799936930342,122.46890272303992
2023-06-22 00:00:00+00:00,110.69999694824219,110.69999694824219,114.0,109.8499984741211,112.23999786376953,70754800,8.109399693806965,117.94633677673342
2023-06-23 00:00:00+00:00,110.01000213623047,110.01000213623047,111.0999984741211,107.45999908447266,109.30999755859375,73545600,6.885099843343103,112.0193368181501
2023-06-26 00:00:00+00:00,107.51000213623047,107.51000213623047,112.55000305175781,107.19999694824219,110.94999694824219,68557000,6.297733434041345,104.7635542101179
2023-06-27 00:00:00+00:00,110.38999938964844,110.38999938964844,110.97000122070312,107.08000183105469,108.56999969482422,59381600,6.641233545939126,96.89325153023856
2023-06-28 00:00:00+00:00,110.16999816894531,110.16999816894531,111.77999877929688,107.62999725341797,108.20999908447266,67534100,7.59706665039062,88.66095149230958
2023-06-29 00:00:00+00:00,111.23999786376953,111.23999786376953,112.76000213623047,109.83999633789062,112.06999969482422,58347200,8.887199656168612,80.39130554853169
2023-06-30 00:00:00+00:00,113.91000366210938,113.91000366210938,114.69000244140625,112.41000366210938,113.02999877929688,53331900,10.333033167521148,72.51025148664203
2023-07-03 00:00:00+00:00,115.81999969482422,115.81999969482422,116.7300033569336,114.51000213623047,115.16000366210938,31860000,11.78056663513183,65.19495737348286
2023-07-05 00:00:00+00:00,113.94999694824219,113.94999694824219,117.66000366210938,113.86000061035156,116.0999984741211,49501600,12.648733139038086,58.269540023803735
2023-07-06 00:00:00+00:00,113.4800033569336,113.4800033569336,113.79000091552734,110.30999755859375,112.06999969482422,42342000,12.880266749064138,51.76469730922158
2023-07-07 00:00:00+00:00,113.16999816894531,113.16999816894531,115.33000183105469,113.04000091552734,114.16000366210938,37135100,12.615300064086927,45.66424293518071
2023-07-10 00:00:00+00:00,113.58000183105469,113.58000183105469,113.61000061035156,109.87999725341797,113.0,49330200,12.159300181070973,40.00649157714843
2023-07-11 00:00:00+00:00,111.31999969482422,111.31999969482422,113.2699966430664,109.5,111.66000366210938,59899500,11.468633499145506,34.543048686436215
2023-07-12 00:00:00+00:00,114.58000183105469,114.58000183105469,115.4000015258789,112.30999755859375,112.88999938964844,57993100,11.200167032877607,29.611463034493557
2023-07-13 00:00:00+00:00,115.91999816894531,115.91999816894531,116.16000366210938,113.58000183105469,115.76000213623047,49206700,11.386100107828774,25.314262854439857
2023-07-14 00:00:00+00:00,115.94000244140625,115.94000244140625,122.12000274658203,115.25,116.16999816894531,91847300,11.81576685587565,21.661211495535703
2023-07-17 00:00:00+00:00,118.31999969482422,118.31999969482422,118.83999633789062,112.7300033569336,115.94999694824219,68593300,12.444466781616207,18.814842886788508
2023-07-18 00:00:00+00:00,117.93000030517578,117.93000030517578,118.43000030517578,115.19000244140625,117.55000305175781,57980100,12.992100092569979,16.66068002537322
2023-07-19 00:00:00+00:00,116.43000030517578,116.43000030517578,121.66999816894531,115.55000305175781,121.30000305175781,70363100,13.081499989827467,15.00498000226705
2023-07-20 00:00:00+00:00,110.25,110.25,115.05000305175781,109.23999786376953,114.95999908447266,76340400,12.179999974568686,13.247199975149968
2023-07-21 00:00:00+00:00,110.94999694824219,110.94999694824219,112.30000305175781,109.54000091552734,110.97000122070312,76778100,10.96709958394368,11.512645331246507
2023-07-24 00:00:00+00:00,110.61000061035156,110.61000061035156,111.30999755859375,108.55000305175781,110.62000274658203,45583600,9.85153284708659,9.870985111781524
2023-07-25 00:00:00+00:00,113.0,113.0,114.05000305175781,111.0,111.13999938964844,44916300,9.437432912190756,8.650059195382243
2023-07-26 00:00:00+00:00,110.08999633789062,110.08999633789062,112.36000061035156,109.30000305175781,111.91000366210938,51721700,9.339266077677411,7.56360154942103
2023-07-27 00:00:00+00:00,111.0999984741211,111.0999984741211,115.08000183105469,110.51000213623047,111.79000091552734,70678000,9.672032623291015,6.801821018763933
2023-07-28 00:00:00+00:00,112.95999908447266,112.95999908447266,114.86000061035156,112.44000244140625,113.37999725341797,55526000,10.289399388631182,6.554291979108555
2023-07-31 00:00:00+00:00,114.4000015258789,114.4000015258789,114.68000030517578,112.3499984741211,114.16000366210938,54187300,11.112999801635738,6.901857511247928
2023-08-01 00:00:00+00:00,117.5999984741211,117.5999984741211,118.19000244140625,113.16000366210938,114.26000213623047,95279300,12.122933349609378,7.9952858625139545
2023-08-02 00:00:00+00:00,109.3499984741211,109.3499984741211,119.5,107.37999725341797,119.48999786376953,173372000,12.217966766357415,8.77971131461006
2023-08-03 00:00:00+00:00,113.1500015258789,113.1500015258789,114.95999908447266,108.94999694824219,108.94999694824219,90605400,12.02000030517578,9.627057059151756
2023-08-04 00:00:00+00:00,115.81999969482422,115.81999969482422,118.8499984741211,113.95999908447266,114.4800033569336,83083100,11.924467035929364,10.764445715767987
2023-08-07 00:00:00+00:00,116.80999755859375,116.80999755859375,119.08000183105469,115.48999786376953,116.36000061035156,65854800,12.117833429972332,12.178154142107262
2023-08-08 00:00:00+00:00,113.2300033569336,113.2300033569336,115.45999908447266,111.41000366210938,114.94000244140625,54141800,12.012333628336584,13.430240127563442
2023-08-09 00:00:00+00:00,110.47000122070312,110.47000122070312,113.1500015258789,108.77999877929688,112.88999938964844,56257100,11.557433853149412,14.261017660958382
2023-08-10 00:00:00+00:00,110.2300033569336,110.2300033569336,113.88999938964844,109.47000122070312,111.30000305175781,57297800,10.840800882975252,14.710812641688758
2023-08-11 00:00:00+00:00,107.56999969482422,107.56999969482422,109.06999969482422,106.4800033569336,108.8499984741211,55618700,9.889967498779292,14.627073220389255
2023-08-14 00:00:00+00:00,111.9800033569336,111.9800033569336,111.98999786376953,105.41999816894531,106.75,57421800,9.529300944010409,14.503805452619313
2023-08-15 00:00:00+00:00,111.3499984741211,111.3499984741211,113.18000030517578,110.16999816894531,111.98999786376953,53816600,9.700067138671868,14.295437393188507
2023-08-16 00:00:00+00:00,107.19000244140625,107.19000244140625,110.44000244140625,106.9800033569336,110.08999633789062,54327300,9.777233581542964,13.637838036673443
2023-08-17 00:00:00+00:00,104.44000244140625,104.44000244140625,107.8499984741211,104.0999984741211,107.62000274658203,59064300,9.455466842651363,12.431207312447722
2023-08-18 00:00:00+00:00,105.44999694824219,105.44999694824219,106.06999969482422,101.68000030517578,102.4000015258789,59884300,9.134499791463217,10.948256083897181
2023-08-21 00:00:00+00:00,108.22000122070312,108.22000122070312,108.54000091552734,105.66999816894531,106.19999694824219,49319200,9.180166244506843,9.58419916861396
2023-08-22 00:00:00+00:00,105.66000366210938,105.66000366210938,109.72000122070312,104.8499984741211,109.4000015258789,47335100,9.288233235677085,8.145025397164455
2023-08-23 00:00:00+00:00,109.43000030517578,109.43000030517578,110.08000183105469,105.0,105.6500015258789,54656300,9.883566767374676,7.064334365844694
2023-08-24 00:00:00+00:00,101.80000305175781,101.80000305175781,111.63999938964844,100.87000274658203,111.05999755859375,109179100,9.904667078653976,5.596549251011421
2023-08-25 00:00:00+00:00,102.25,102.25,104.12000274658203,99.58000183105469,101.16999816894531,74793100,9.59303377787273,3.9070868137904653
2023-08-28 00:00:00+00:00,102.61000061035156,102.61000061035156,104.06999969482422,100.88999938964844,103.47000122070312,55386800,9.148733647664388,2.0787499869210477
2023-08-29 00:00:00+00:00,105.91999816894531,105.91999816894531,106.56999969482422,101.79000091552734,102.11000061035156,50850300,9.262099787394197,0.44881285531181936
2023-08-30 00:00:00+00:00,106.58999633789062,106.58999633789062,107.66999816894531,104.5,105.4000015258789,54847300,9.722499109903959,-0.9302247685023758
2023-08-31 00:00:00+00:00,105.72000122070312,105.72000122070312,108.05999755859375,104.86000061035156,106.19000244140625,58919000,10.35893229166666,-2.1504566105434018
2023-09-01 00:00:00+00:00,109.44999694824219,109.44999694824219,110.05999755859375,106.61000061035156,107.0,54808900,11.2388655090332,-2.833777361188621
2023-09-05 00:00:00+00:00,110.77999877929688,110.77999877929688,111.81999969482422,106.30000305175781,109.0,66042200,12.163332316080725,-2.841992477417008
2023-09-06 00:00:00+00:00,109.27999877929688,109.27999877929688,111.33000183105469,108.22000122070312,110.55999755859375,47736700,12.636265920003245,-2.4442875911167965
2023-09-07 00:00:00+00:00,106.58999633789062,106.58999633789062,107.69000244140625,105.08999633789062,106.13999938964844,49080100,12.402866007486967,-1.9625857936314268
2023-09-08 00:00:00+00:00,106.08999633789062,106.08999633789062,109.73999786376953,105.75,107.0199966430664,46232000,11.695865859985338,-1.5190955854143469
2023-09-11 00:00:00+00:00,105.31999969482422,105.31999969482422,107.51000213623047,103.0,107.31999969482422,50611300,10.765299377441409,-1.1738622828892273
2023-09-12 00:00:00+00:00,105.30999755859375,105.30999755859375,106.73999786376953,103.18000030517578,104.19999694824219,44413600,9.970899531046548,-0.8693775787353388
2023-09-13 00:00:00+00:00,107.70999908447266,107.70999908447266,108.73999786376953,104.83000183105469,105.0999984741211,44702300,9.775933125813795,-0.32661271667479924
2023-09-14 00:00:00+00:00,106.62999725341797,106.62999725341797,109.1500015258789,106.22000122070312,108.43000030517578,45920600,9.942499872843417,0.3512378278459697
2023-09-15 00:00:00+00:00,101.48999786376953,101.48999786376953,106.76000213623047,101.27999877929688,106.06999969482422,71017600,9.737599919637038,0.6772113015311269
2023-09-18 00:00:00+00:00,102.37000274658203,102.37000274658203,102.98999786376953,99.44999694824219,100.81999969482422,49061300,9.409833653767903,0.8502653677804378
2023-09-19 00:00:00+00:00,101.61000061035156,101.61000061035156,102.86000061035156,100.69999694824219,101.75,41704100,9.034667383829753,0.8318682577950767
2023-09-20 00:00:00+00:00,100.33999633789062,100.33999633789062,103.94000244140625,100.27999877929688,102.36000061035156,55180600,8.646167195638025,0.5744337724958248
2023-09-21 00:00:00+00:00,96.11000061035156,96.11000061035156,98.87000274658203,95.83999633789062,98.5999984741211,59628600,7.983333740234381,-0.25290904453822155
2023-09-22 00:00:00+00:00,96.19999694824219,96.19999694824219,98.41999816894531,95.61000061035156,96.91999816894531,52169400,7.47686665852865,-1.502303462437216
2023-09-25 00:00:00+00:00,97.37999725341797,97.37999725341797,97.44999694824219,94.45999908447266,95.94999694824219,43223700,7.345232849121094,-2.905812253679525
2023-09-26 00:00:00+00:00,95.95999908447266,95.95999908447266,97.83000183105469,95.2699966430664,96.5,42866500,7.453932647705081,-4.486615267072362
2023-09-27 00:00:00+00:00,98.06999969482422,98.06999969482422,99.2300033569336,96.3499984741211,96.81999969482422,51261500,7.968499526977541,-5.943738170078781
2023-09-28 00:00:00+00:00,102.76000213623047,102.76000213623047,104.19999694824219,97.76000213623047,97.94000244140625,72542100,9.168200073242183,-6.769197797502796
2023-09-29 00:00:00+00:00,102.81999969482422,102.81999969482422,104.94000244140625,102.55999755859375,104.69000244140625,56027300,10.492633819580078,-6.990991585867739
2023-10-02 00:00:00+00:00,103.2699966430664,103.2699966430664,103.70999908447266,101.69999694824219,102.20999908447266,45118600,11.565900370279952,-6.661442731584846
2023-10-03 00:00:00+00:00,100.08000183105469,100.08000183105469,103.29000091552734,99.16999816894531,101.80000305175781,48117000,11.856333719889324,-6.2514963618687425
2023-10-04 00:00:00+00:00,104.06999969482422,104.06999969482422,104.4000015258789,100.33999633789062,100.6500015258789,51023200,11.933100280761714,-5.433795641217908
2023-10-05 00:00:00+00:00,102.91000366210938,102.91000366210938,103.73999786376953,100.2699966430664,103.41000366210938,51789700,11.65523389180501,-4.434465944562628
2023-10-06 00:00:00+00:00,107.23999786376953,107.23999786376953,107.87000274658203,102.02999877929688,102.16000366210938,64807500,11.732867075602211,-2.9118508278982778
2023-10-09 00:00:00+00:00,106.97000122070312,106.97000122070312,107.30999755859375,104.79000091552734,106.01000213623047,39593200,11.940867080688486,-1.0454984763009245
2023-10-10 00:00:00+00:00,109.01000213623047,109.01000213623047,110.12000274658203,106.4000015258789,107.48999786376953,57105500,12.403500442504882,1.3204797559465729
2023-10-11 00:00:00+00:00,108.30999755859375,108.30999755859375,110.0999984741211,106.93000030517578,109.13999938964844,51085600,12.63956680297851,4.037800495692656
2023-10-12 00:00:00+00:00,108.79000091552734,108.79000091552734,111.30999755859375,107.51000213623047,108.4000015258789,60959400,12.7092665863037,7.074638368879038
2023-10-13 00:00:00+00:00,105.08999633789062,105.08999633789062,108.97000122070312,104.75,108.6500015258789,52881500,12.122366129557289,9.919024339948361
2023-10-16 00:00:00+00:00,106.45999908447266,106.45999908447266,107.4800033569336,105.02999877929688,105.41999816894531,42464500,11.411499201456703,12.689004451206756
2023-10-17 00:00:00+00:00,105.13999938964844,105.13999938964844,106.29000091552734,101.66000366210938,103.54000091552734,49642100,10.603099161783856,15.17848453194756
2023-10-18 00:00:00+00:00,102.16999816894531,102.16999816894531,104.77999877929688,101.73999786376953,103.37999725341797,50450000,9.73186594645182,17.10907586451942
2023-10-19 00:00:00+00:00,102.4000015258789,102.4000015258789,105.5999984741211,101.83999633789062,103.80999755859375,52734200,9.022599716186516,18.605441696166995
2023-10-20 00:00:00+00:00,101.80999755859375,101.80999755859375,104.33999633789062,101.44000244140625,102.27999877929688,61285600,8.640699895222982,19.72955304391042
2023-10-23 00:00:00+00:00,100.01000213623047,100.01000213623047,102.41999816894531,99.31999969482422,100.80999755859375,50817400,8.366566950480145,20.38166465323313
2023-10-24 00:00:00+00:00,101.66999816894531,101.66999816894531,101.79000091552734,99.37999725341797,100.97000122070312,51982900,8.441933619181324,20.864987561907103
2023-10-25 00:00:00+00:00,96.05999755859375,96.05999755859375,101.02999877929688,95.2300033569336,100.41999816894531,53424500,8.223600031534845,20.65109027099609
2023-10-26 00:00:00+00:00,93.66999816894531,93.66999816894531,97.5199966430664,93.12000274658203,95.98999786376953,49896400,7.675899658203143,19.659869999476875
2023-10-27 00:00:00+00:00,96.43000030517578,96.43000030517578,97.3499984741211,94.58999633789062,95.80000305175781,52458700,7.358932978312184,18.325829853602862
2023-10-30 00:00:00+00:00,96.18000030517578,96.18000030517578,97.04000091552734,94.69999694824219,96.13999938964844,43716600,7.422533137003586,16.688209775652247
2023-10-31 00:00:00+00:00,98.5,98.5,98.81999969482422,94.06999969482422,96.23999786376953,79547100,7.995600077311197,15.064749742780467
2023-11-01 00:00:00+00:00,108.04000091552734,108.04000091552734,108.1500015258789,98.5,98.58000183105469,138641500,9.805867055257158,14.426604093279229
2023-11-02 00:00:00+00:00,107.83000183105469,107.83000183105469,109.41000366210938,105.91000366210938,107.95999908447266,71377000,11.945034052530927,14.575595783778667
2023-11-03 00:00:00+00:00,112.25,112.25,113.38999938964844,107.86000061035156,109.05000305175781,65576600,14.057900721232093,15.845753165108842
2023-11-06 00:00:00+00:00,111.75,111.75,113.08000183105469,110.22000122070312,112.5999984741211,49270400,15.398467203776045,17.92827620370051
2023-11-07 00:00:00+00:00,113.44999694824219,113.44999694824219,114.6500015258789,111.22000122070312,111.86000061035156,50550200,15.9946666208903,20.721378836495564
2023-11-08 00:00:00+00:00,113.58999633789062,113.58999633789062,115.31999969482422,112.87999725341797,113.55000305175781,41880600,15.708265889485684,23.95188109697613
2023-11-09 00:00:00+00:00,113.48999786376953,113.48999786376953,115.80999755859375,113.05999755859375,114.0999984741211,61146900,14.942565409342453,27.351123223440965
2023-11-10 00:00:00+00:00,118.58999633789062,118.58999633789062,119.69999694824219,114.02999877929688,114.3499984741211,75135900,14.46546516418457,31.202408000401057
2023-11-13 00:00:00+00:00,116.79000091552734,116.79000091552734,118.68000030517578,116.0,118.33999633789062,46741900,14.078665593465157,35.17268737357004
2023-11-14 00:00:00+00:00,119.87999725341797,119.87999725341797,122.11000061035156,119.22000122070312,119.69999694824219,61017400,14.024632670084625,39.44038670349124
2023-11-15 00:00:00+00:00,118.0,118.0,120.58999633789062,116.87000274658203,120.54000091552734,59555600,13.877533238728844,43.7039263283866
2023-11-16 00:00:00+00:00,119.83000183105469,119.83000183105469,120.7300033569336,116.41000366210938,117.19999694824219,49661900,13.786867192586271,48.06315211050851
2023-11-17 00:00:00+00:00,120.62000274658203,120.62000274658203,121.48999786376953,118.81999969482422,119.63999938964844,38508900,13.635267842610691,52.51189834158762
2023-11-20 00:00:00+00:00,121.52999877929688,121.52999877929688,121.93000030517578,120.06999969482422,120.69999694824219,43138700,13.576167831420909,57.01002447945736
2023-11-21 00:00:00+00:00,119.16000366210938,119.16000366210938,120.6500015258789,117.94000244140625,120.54000091552734,41064800,13.232401275634766,61.186910993303606
2023-11-22 00:00:00+00:00,122.51000213623047,122.51000213623047,124.76000213623047,119.94999694824219,120.0,56862200,13.121501210530605,65.35680331856864
2023-11-24 00:00:00+00:00,122.30999755859375,122.30999755859375,123.25,121.54000091552734,122.02999877929688,19001000,13.070400619506833,69.35948667253766
2023-11-27 00:00:00+00:00,122.6500015258789,122.6500015258789,123.88999938964844,121.7699966430664,122.06999969482422,32743000,13.108466822306312,73.15083863176622
2023-11-28 00:00:00+00:00,122.01000213623047,122.01000213623047,122.54000091552734,120.79000091552734,121.9800033569336,32047100,13.020200068155921,76.56899350629537
2023-11-29 00:00:00+00:00,123.8499984741211,123.8499984741211,125.7300033569336,123.4800033569336,123.9800033569336,37876300,13.086866455078132,79.73223950631281
2023-11-30 00:00:00+00:00,121.16000366210938,121.16000366210938,124.05000305175781,119.6500015258789,123.61000061035156,44494200,12.846433308919277,82.30532293047226
2023-12-01 00:00:00+00:00,121.38999938964844,121.38999938964844,121.4000015258789,118.6500015258789,119.87999725341797,37017600,12.509000040690108,84.27561468287877
2023-12-04 00:00:00+00:00,118.56999969482422,118.56999969482422,119.9000015258789,116.37000274658203,119.75,39854400,11.875399983723964,85.28644914027619
2023-12-05 00:00:00+00:00,118.37999725341797,118.37999725341797,118.48999786376953,116.44999694824219,117.43000030517578,39191600,11.248632863362634,85.38351468549453
2023-12-06 00:00:00+00:00,116.81999969482422,116.81999969482422,122.83000183105469,116.37999725341797,120.69000244140625,60599000,10.585499343872073,84.47203159659252
2023-12-07 00:00:00+00:00,128.3699951171875,128.3699951171875,128.67999267578125,119.55999755859375,120.79000091552734,118579100,11.348198827107748,83.82721945190434
2023-12-08 00:00:00+00:00,128.9199981689453,128.9199981689453,131.0,126.88999938964844,129.5399932861328,89273900,12.863865331013992,83.45016155351917
2023-12-11 00:00:00+00:00,134.41000366210938,134.41000366210938,135.0399932861328,128.25,130.55999755859375,98668300,15.047832641601554,83.83505561610635
2023-12-12 00:00:00+00:00,137.61000061035156,137.61000061035156,139.88999938964844,131.89999389648438,132.25,111677800,17.18680010477702,85.13017559160507
2023-12-13 00:00:00+00:00,138.19000244140625,138.19000244140625,139.24000549316406,136.02999877929688,137.97000122070312,70651600,18.744534174601235,87.14883021109446
2023-12-14 00:00:00+00:00,138.0,138.0,141.82000732421875,135.72999572753906,138.88999938964844,76115200,19.136401138305654,89.59054199436733
2023-12-15 00:00:00+00:00,139.14999389648438,139.14999389648438,140.88999938964844,137.25,139.52000427246094,70178600,18.75446706136067,92.28158740234377
2023-12-18 00:00:00+00:00,138.89999389648438,138.89999389648438,139.7899932861328,137.64999389648438,139.14999389648438,45199500,17.804599100748696,94.86298081970217
2023-12-19 00:00:00+00:00,140.14999389648438,140.14999389648438,143.47000122070312,138.55999755859375,138.57000732421875,63739800,16.7984312693278,97.33194227818082
2023-12-20 00:00:00+00:00,135.47000122070312,135.47000122070312,139.5800018310547,135.3699951171875,139.0,54671700,15.453964665730789,99.06092119053432
2023-12-21 00:00:00+00:00,139.91000366210938,139.91000366210938,139.97999572753906,137.3800048828125,138.13999938964844,47179400,14.663765792846675,100.52896066284177
2023-12-22 00:00:00+00:00,139.60000610351562,139.60000610351562,140.6999969482422,138.30999755859375,140.47999572753906,35370400,14.257134297688808,101.67606659807475
2023-12-26 00:00:00+00:00,143.41000366210938,143.41000366210938,143.85000610351562,139.9199981689453,140.07000732421875,47157400,14.572069040934256,102.87876725551057
2023-12-27 00:00:00+00:00,146.07000732421875,146.07000732421875,146.25,143.17999267578125,144.72000122070312,49033400,15.37847005208334,104.32871439034594
2023-12-28 00:00:00+00:00,148.75999450683594,148.75999450683594,150.41000366210938,145.9499969482422,146.8000030517578,63800700,16.57533574422201,106.18446076311379
2023-12-29 00:00:00+00:00,147.41000366210938,147.41000366210938,151.0500030517578,147.1999969482422,149.5,62028200,17.347701365152997,108.123858782087
2024-01-02 00:00:00+00:00,138.5800018310547,138.5800018310547,144.39999389648438,137.42999267578125,144.27999877929688,64902000,16.696166992187507,109.16194241115019
2024-01-03 00:00:00+00:00,135.32000732421875,135.32000732421875,137.42999267578125,133.74000549316406,135.7100067138672,61988600,14.840833689371745,108.97926645115437
2024-01-04 00:00:00+00:00,136.00999450683594,136.00999450683594,137.6999969482422,134.0,134.3000030517578,58610300,12.78539957682292,107.78284383501321
2024-01-05 00:00:00+00:00,138.5800018310547,138.5800018310547,141.00999450683594,136.44000244140625,136.77999877929688,69595000,11.488866119384769,105.93663837323868
2024-01-08 00:00:00+00:00,146.17999267578125,146.17999267578125,147.14999389648438,140.14999389648438,140.36000061035156,71756900,11.921565195719397,104.31322915649415
2024-01-09 00:00:00+00:00,149.25999450683594,149.25999450683594,149.86000061035156,145.0800018310547,145.9499969482422,67875700,13.779031066894536,103.19791665867396
2024-01-10 00:00:00+00:00,148.5399932861328,148.5399932861328,150.8800048828125,146.64999389648438,150.07000732421875,56951200,15.913263600667321,102.47611505998884
2024-01-11 00:00:00+00:00,148.02000427246094,148.02000427246094,150.3800048828125,143.69000244140625,148.52000427246094,62764600,17.38956456502279,102.01508277675086
2024-01-12 00:00:00+00:00,146.55999755859375,146.55999755859375,148.75,145.0,148.0399932861328,48250800,17.77176549275716,101.47529332406181
2024-01-16 00:00:00+00:00,158.74000549316406,158.74000549316406,159.72000122070312,149.97999572753906,150.36000061035156,112711400,18.449667205810552,101.85795334734236
2024-01-17 00:00:00+00:00,160.1699981689453,160.1699981689453,160.63999938964844,154.39999389648438,158.4499969482422,104085000,19.263701324462893,102.94071614946638
2024-01-18 00:00:00+00:00,162.6699981689453,162.6699981689453,168.60000610351562,158.22000122070312,166.1999969482422,131864900,20.235434773763018,104.63527034432545
2024-01-19 00:00:00+00:00,174.22999572753906,174.22999572753906,174.25,162.1999969482422,165.8000030517578,139825500,22.00910049438477,107.86671278817312
2024-01-22 00:00:00+00:00,168.17999267578125,168.17999267578125,174.72000122070312,164.14999389648438,174.38999938964844,122973800,23.09759918212892,111.63885461861744
2024-01-23 00:00:00+00:00,168.4199981689453,168.4199981689453,169.6300048828125,164.27000427246094,166.5,76830500,23.081931711832695,115.70622217886782
2024-01-24 00:00:00+00:00,178.2899932861328,178.2899932861328,180.5800018310547,170.55999755859375,172.5500030517578,125516400,23.101531219482414,120.7715179399762
2024-01-25 00:00:00+00:00,180.3300018310547,180.3300018310547,184.9199981689453,177.6300048828125,183.41000366210938,127171400,23.257165222167966,126.54280565752299
2024-01-26 00:00:00+00:00,177.25,177.25,181.22999572753906,174.14999389648438,175.2899932861328,107381200,22.836699625651036,132.34252513776505
2024-01-29 00:00:00+00:00,177.8300018310547,177.8300018310547,178.88999938964844,174.39999389648438,178.77000427246094,89384500,22.104567515055326,137.96511075919008
2024-01-30 00:00:00+00:00,172.05999755859375,172.05999755859375,178.47999572753906,169.52000427246094,176.1300048828125,122265700,20.642967885335285,142.55469061061314
2024-01-31 00:00:00+00:00,167.69000244140625,167.69000244140625,171.3000030517578,162.55999755859375,165.74000549316406,133157300,18.374934844970713,145.73082805306564
2024-02-01 00:00:00+00:00,170.47999572753906,170.47999572753906,171.13999938964844,165.86000061035156,169.27000427246094,91576700,16.36873418172201,147.82246230207164
2024-02-02 00:00:00+00:00,177.66000366210938,177.66000366210938,179.0,173.0500030517578,173.7899932861328,82078100,15.921634012858064,149.573057094029
2024-02-05 00:00:00+00:00,174.22999572753906,174.22999572753906,180.00999450683594,171.11000061035156,179.08999633789062,76349200,16.20223332722981,150.67747438049315
2024-02-06 00:00:00+00:00,167.8800048828125,167.8800048828125,173.8800048828125,165.5,173.14999389648438,68854100,16.232300262451165,150.65740941510884
2024-02-07 00:00:00+00:00,170.94000244140625,170.94000244140625,172.97000122070312,168.1999969482422,169.47000122070312,53665400,16.334800567626953,150.02653615243094
2024-02-08 00:00:00+00:00,169.35000610351562,169.35000610351562,172.1699981689453,168.60000610351562,170.3300018310547,43385300,16.2431680806478,148.69480636378697
2024-02-09 00:00:00+00:00,172.47999572753906,172.47999572753906,175.10000610351562,168.66000366210938,171.0,56375700,16.314200998942066,146.95847031729554
2024-02-12 00:00:00+00:00,171.91000366210938,171.91000366210938,177.41000366210938,170.6699981689453,172.67999267578125,58177100,16.532500864664705,144.62890886361254
2024-02-13 00:00:00+00:00,171.5399932861328,171.5399932861328,173.1699981689453,164.3000030517578,167.94000244140625,63071300,16.898532969156907,141.6146322675432
2024-02-14 00:00:00+00:00,178.6999969482422,178.6999969482422,178.74000549316406,172.8800048828125,173.47000122070312,57402500,17.86086532592774,138.76107815987723
2024-02-15 00:00:00+00:00,176.75999450683594,176.75999450683594,180.5,175.25999450683594,179.13999938964844,51126400,18.804031016031892,135.82814054870602
2024-02-16 00:00:00+00:00,173.8699951171875,173.8699951171875,180.3300018310547,173.25,177.4499969482422,53896000,19.149864095052074,132.43313105991905
2024-02-20 00:00:00+00:00,165.69000244140625,165.69000244140625,171.80999755859375,162.0,171.13999938964844,66550000,18.104364827473965,127.7681163242884
2024-02-21 00:00:00+00:00,164.2899932861328,164.2899932861328,164.89999389648438,161.80999755859375,162.74000549316406,48774600,16.300398712158202,121.82842401776983
2024-02-22 00:00:00+00:00,181.86000061035156,181.86000061035156,183.8300018310547,172.0,173.1999969482422,100684700,16.219299570719397,116.63618929617739
2024-02-23 00:00:00+00:00,176.52000427246094,176.52000427246094,183.8000030517578,174.5500030517578,181.86000061035156,69207400,16.935534108479807,111.53714397539413
2024-02-26 00:00:00+00:00,176.00999450683594,176.00999450683594,179.83999633789062,174.80999755859375,178.77999877929688,45435100,17.984967600504547,106.45738115365165
2024-02-27 00:00:00+00:00,178.0,178.0,178.4600067138672,172.49000549316406,175.9199981689453,43665200,19.0195674641927,101.76091569519046
2024-02-28 00:00:00+00:00,176.5399932861328,176.5399932861328,176.83999633789062,173.58999633789062,176.25,35914400,19.585899963378903,97.3229096374512
2024-02-29 00:00:00+00:00,192.52999877929688,192.52999877929688,193.0,179.82000732421875,179.82000732421875,105538500,20.97579945882163,94.73838072422579
2024-03-01 00:00:00+00:00,202.63999938964844,202.63999938964844,202.72000122070312,195.4199981689453,197.91000366210938,103583000,23.668365936279315,94.63436046927322
2024-03-04 00:00:00+00:00,205.36000061035156,205.36000061035156,211.00999450683594,203.5,205.16000366210938,86835300,26.714933064778666,96.68373465837757
2024-03-05 00:00:00+00:00,205.1300048828125,205.1300048828125,205.3300018310547,199.14999389648438,200.5,65407100,28.777567392985038,100.44427802821573
2024-03-06 00:00:00+00:00,210.6300048828125,210.6300048828125,214.80999755859375,207.32000732421875,210.42999267578125,86687000,29.940001831054683,105.99297627912253
2024-03-07 00:00:00+00:00,211.3800048828125,211.3800048828125,213.8300018310547,208.22000122070312,212.52000427246094,63869000,29.88933588663736,112.76541778564456
2024-03-08 00:00:00+00:00,207.38999938964844,207.38999938964844,227.3000030517578,205.60000610351562,213.41000366210938,120592600,28.383802235921216,119.73487620762418
2024-03-11 00:00:00+00:00,198.38999938964844,198.38999938964844,203.5500030517578,196.6999969482422,203.00999450683594,73098600,25.250034586588548,125.47798285784043
2024-03-12 00:00:00+00:00,202.75999450683594,202.75999450683594,202.85000610351562,194.27000427246094,200.52000427246094,68951700,22.24906626383464,130.39712299019942
2024-03-13 00:00:00+00:00,194.7899932861328,194.7899932861328,198.8300018310547,192.6999969482422,198.72999572753906,70526900,19.159464569091778,133.69136228724875
2024-03-14 00:00:00+00:00,187.05999755859375,187.05999755859375,196.92999267578125,184.02999877929688,192.9199981689453,84490500,16.123097127278637,134.74609279523563
2024-03-15 00:00:00+00:00,191.05999755859375,191.05999755859375,193.8000030517578,184.47999572753906,184.8300018310547,95225700,14.28203063964842,134.3190917968749
2024-03-18 00:00:00+00:00,190.64999389648438,190.64999389648438,193.5,188.0500030517578,193.2899932861328,59306900,13.830464324951155,132.71163907732273
2024-03-19 00:00:00+00:00,181.4199981689453,181.4199981689453,185.61000061035156,177.36000061035156,183.16000366210938,83509500,13.388698476155596,129.3707180742535
2024-03-20 00:00:00+00:00,179.72999572753906,179.72999572753906,182.67999267578125,174.0,182.02999877929688,81773100,13.052899119059248,124.59358000401078
2024-03-21 00:00:00+00:00,178.67999267578125,178.67999267578125,187.69000244140625,177.66000366210938,185.97000122070312,75265600,12.950332489013666,118.60375313895076
2024-03-22 00:00:00+00:00,179.64999389648438,179.64999389648438,180.75999450683594,175.0500030517578,177.2100067138672,57832100,13.22773223876953,111.9526462009974
2024-03-25 00:00:00+00:00,178.6300048828125,178.6300048828125,182.8000030517578,172.0,172.89999389648438,71935300,13.715066477457677,104.8194488263811
2024-03-26 00:00:00+00:00,177.8699951171875,177.8699951171875,182.60000610351562,176.3300018310547,179.5399932861328,65322400,14.496000213623038,97.27472840663361
2024-03-27 00:00:00+00:00,179.58999633789062,179.58999633789062,181.22999572753906,175.39999389648438,179.9600067138672,55685600,15.50583368937175,89.63921657453265
2024-03-28 00:00:00+00:00,180.49000549316406,180.49000549316406,183.39999389648438,178.3000030517578,179.47000122070312,57628600,16.571734466552744,82.07142558942532
2024-04-01 00:00:00+00:00,183.33999633789062,183.33999633789062,187.24000549316406,179.89999389648438,180.10000610351562,74299900,17.76863459269205,74.91882583618175
2024-04-02 00:00:00+00:00,178.6999969482422,178.6999969482422,180.10000610351562,174.8300018310547,179.47000122070312,61598800,18.355867411295556,67.64421172223783
2024-04-03 00:00:00+00:00,180.77000427246094,180.77000427246094,182.0500030517578,176.6999969482422,177.5399932861328,49835100,18.617567494710276,60.43541818673284
2024-04-04 00:00:00+00:00,165.8300018310547,165.8300018310547,183.02000427246094,165.64999389648438,182.9199981689453,88280000,17.08963439941405,51.78939054652629
2024-04-05 00:00:00+00:00,170.4199981689453,170.4199981689453,172.69000244140625,165.5800018310547,168.10000610351562,66025200,15.382667439778643,42.43756556919642
2024-04-08 00:00:00+00:00,169.89999389648438,169.89999389648438,171.66000366210938,166.82000732421875,168.1999969482422,43997500,13.985333201090489,32.59639709036686
2024-04-09 00:00:00+00:00,170.77999877929688,170.77999877929688,171.60000610351562,167.2899932861328,170.2100067138672,42928000,13.585032653808591,22.706265672956164
2024-04-10 00:00:00+00:00,167.13999938964844,167.13999938964844,169.77999877929688,164.0,166.7100067138672,59600000,13.500499064127606,12.732511487688303
2024-04-11 00:00:00+00:00,170.5,170.5,170.9499969482422,166.5500030517578,167.5500030517578,48994500,14.282099253336597,3.4217288731166526
2024-04-12 00:00:00+00:00,163.27999877929688,163.27999877929688,165.6999969482422,161.82000732421875,164.52999877929688,63334200,14.53803293863933,-5.658645150320769
2024-04-15 00:00:00+00:00,160.32000732421875,160.32000732421875,164.44000244140625,158.75999450683594,164.42999267578125,61461200,14.202967478434246,-14.371612474713933
2024-04-16 00:00:00+00:00,163.4600067138672,163.4600067138672,164.8800048828125,161.6699981689453,162.27999877929688,55302100,13.880002034505205,-22.214339011056033
2024-04-17 00:00:00+00:00,154.02000427246094,154.02000427246094,164.4499969482422,153.8800048828125,163.97000122070312,75909000,13.003936055501299,-30.065868055071082
2024-04-18 00:00:00+00:00,155.0800018310547,155.0800018310547,156.9600067138672,152.32000732421875,155.50999450683594,52669800,12.111102498372388,-37.54219721330907
2024-04-19 00:00:00+00:00,146.63999938964844,146.63999938964844,154.25,145.2899932861328,151.58999633789062,71232500,10.857901509602865,-45.28480684552865
2024-04-22 00:00:00+00:00,148.63999938964844,148.63999938964844,149.88999938964844,145.6300048828125,148.14999389648438,49397000,10.130466817220057,-52.84397981480182
2024-04-23 00:00:00+00:00,152.27000427246094,152.27000427246094,153.5,150.35000610351562,151.64999389648438,46051900,10.327599538167313,-59.56327848597931
2024-04-24 00:00:00+00:00,151.74000549316406,151.74000549316406,157.66000366210938,150.6300048828125,156.55999755859375,43412600,11.355233103434232,-65.38573141915455
2024-04-25 00:00:00+00:00,153.75999450683594,153.75999450683594,155.13999938964844,146.75,149.14999389648438,41471400,12.86759938557942,-70.08797969273152
2024-04-26 00:00:00+00:00,157.39999389648438,157.39999389648438,158.6300048828125,153.42999267578125,154.24000549316406,42510700,14.79199854532878,-73.27082884434289
2024-04-29 00:00:00+00:00,160.1999969482422,160.1999969482422,160.77000427246094,156.25999450683594,159.0800018310547,43478200,16.71986460367838,-74.839238394601
2024-04-30 00:00:00+00:00,158.3800048828125,158.3800048828125,162.2899932861328,158.35000610351562,160.6300048828125,60742800,17.94579849243164,-75.15849032156812
2024-05-01 00:00:00+00:00,144.27000427246094,144.27000427246094,151.3699951171875,142.13999938964844,148.11000061035156,89413200,16.965399627685546,-75.88467043195452
2024-05-02 00:00:00+00:00,146.16000366210938,146.16000366210938,147.6199951171875,141.16000366210938,145.50999450683594,50034700,15.022634277343744,-76.7282474757603
2024-05-03 00:00:00+00:00,150.60000610351562,150.60000610351562,150.7899932861328,147.24000549316406,148.75,49361100,13.430135447184238,-77.10432978166848
2024-05-06 00:00:00+00:00,155.77999877929688,155.77999877929688,156.64999389648438,151.25999450683594,153.10000610351562,44624500,13.236535390218094,-76.47454377528595
2024-05-07 00:00:00+00:00,154.42999267578125,154.42999267578125,157.6999969482422,153.66000366210938,156.32000732421875,37374900,13.928800506591793,-74.99333014351978
2024-05-08 00:00:00+00:00,153.6199951171875,153.6199951171875,155.3300018310547,152.52000427246094,153.39999389648438,28728000,15.071665395100903,-72.7188142874581
2024-05-09 00:00:00+00:00,152.38999938964844,152.38999938964844,154.08999633789062,150.61000061035156,153.1300048828125,33018000,15.839797821044911,-69.68544710431777
2024-05-10 00:00:00+00:00,151.9199981689453,151.9199981689453,156.3699951171875,151.30999755859375,154.2899932861328,37652800,16.012097676595044,-65.97589431762695
2024-05-13 00:00:00+00:00,150.55999755859375,150.55999755859375,153.3300018310547,150.39999389648438,151.27999877929688,27859200,15.5747981262207,-61.93886161586213
2024-05-14 00:00:00+00:00,153.16000366210938,153.16000366210938,153.49000549316406,148.77999877929688,150.42999267578125,31938300,15.244199473063153,-57.474105486188556
2024-05-15 00:00:00+00:00,159.6699981689453,159.6699981689453,159.69000244140625,154.6999969482422,155.58999633789062,43195900,15.730267028808592,-52.05229505702425
2024-05-16 00:00:00+00:00,162.6199951171875,162.6199951171875,168.05999755859375,159.89999389648438,160.9199981689453,76726700,16.980533650716154,-45.566813489641454
2024-05-17 00:00:00+00:00,164.47000122070312,164.47000122070312,169.72000122070312,162.32000732421875,168.42999267578125,65944400,18.52573364257814,-38.05426876831053
2024-05-20 00:00:00+00:00,166.3300018310547,166.3300018310547,168.49000549316406,164.47000122070312,165.5500030517578,45618000,19.92290049235027,-29.632346666608505
2024-05-21 00:00:00+00:00,164.66000366210938,164.66000366210938,165.8300018310547,163.10000610351562,164.0,30005500,20.489700876871744,-20.803909837995214
2024-05-22 00:00:00+00:00,165.52000427246094,165.52000427246094,169.80999755859375,163.86000061035156,167.41000366210938,47426700,20.264168090820302,-11.721478262765036
2024-05-23 00:00:00+00:00,160.42999267578125,160.42999267578125,173.13999938964844,158.27000427246094,170.17999267578125,91888800,19.00273412068684,-3.2331588919502727
2024-05-24 00:00:00+00:00,166.36000061035156,166.36000061035156,167.66000366210938,160.25,161.41000366210938,54795400,17.99573348999023,5.110766431536051
2024-05-28 00:00:00+00:00,171.61000061035156,171.61000061035156,174.5500030517578,164.9600067138672,169.4199981689453,66495400,17.881866353352862,13.633814788818466
2024-05-29 00:00:00+00:00,165.13999938964844,165.13999938964844,168.47999572753906,162.91000366210938,167.4600067138672,56537500,17.769832814534514,21.455145952497308
2024-05-30 00:00:00+00:00,166.75,166.75,168.75,163.8000030517578,167.89999389648438,46479900,17.685532786051432,28.716554325648833
2024-05-31 00:00:00+00:00,166.89999389648438,166.89999389648438,169.5,160.07000732421875,166.64999389648438,64331900,17.596332448323565,35.4291993408204
2024-06-03 00:00:00+00:00,163.5500030517578,163.5500030517578,171.0800018310547,160.91000366210938,170.82000732421875,59157600,17.067732747395834,41.24962773786275
2024-06-04 00:00:00+00:00,159.99000549316406,159.99000549316406,164.8300018310547,158.8699951171875,162.83999633789062,48157200,15.931200307210284,45.9325225568499
2024-06-05 00:00:00+00:00,166.1699981689453,166.1699981689453,167.1199951171875,161.3800048828125,162.07000732421875,60507500,15.46186737060547,50.21409710693366
2024-06-06 00:00:00+00:00,166.77999877929688,166.77999877929688,169.50999450683594,163.86000061035156,165.4600067138672,47153700,15.622767283121743,54.209840096609994
2024-06-07 00:00:00+00:00,167.8699951171875,167.8699951171875,169.4499969482422,165.86000061035156,166.58999633789062,44796000,16.267133229573563,58.018516945975215
2024-06-10 00:00:00+00:00,160.33999633789062,160.33999633789062,165.5500030517578,159.61000061035156,162.47999572753906,67575600,16.285999043782546,60.77111931937081
2024-06-11 00:00:00+00:00,158.9600067138672,158.9600067138672,161.5399932861328,156.9199981689453,160.5,40497100,15.796932729085281,62.42927406529019
2024-06-12 00:00:00+00:00,160.24000549316406,160.24000549316406,162.24000549316406,158.6199951171875,160.32000732421875,48325800,15.064900512695313,63.28202653285437
2024-06-13 00:00:00+00:00,159.89999389648438,159.89999389648438,162.66000366210938,157.30999755859375,160.39999389648438,44442500,14.492267252604165,63.37299543108262
2024-06-14 00:00:00+00:00,159.6300048828125,159.6300048828125,161.33999633789062,157.61000061035156,158.5,34054000,14.216367594401046,62.698784864153176
2024-06-17 00:00:00+00:00,158.39999389648438,158.39999389648438,159.22999572753906,154.13999938964844,158.0,44507700,14.245566914876301,61.281562159946986
2024-06-18 00:00:00+00:00,154.6300048828125,154.6300048828125,157.24000549316406,153.33999633789062,156.99000549316406,51852000,14.073033498128249,58.90780565534315
2024-06-20 00:00:00+00:00,161.77999877929688,161.77999877929688,166.82000732421875,155.5,155.82000732421875,93245700,14.545799814860018,56.52014599609375
2024-06-21 00:00:00+00:00,161.22999572753906,161.22999572753906,163.1999969482422,157.88999938964844,161.75,61334700,15.29749944051107,54.03849432809007
2024-06-24 00:00:00+00:00,160.25,160.25,163.39999389648438,158.19000244140625,159.75,45954100,16.01369918823243,51.386099840436614
2024-06-25 00:00:00+00:00,160.25,160.25,161.0,156.4499969482422,160.72999572753906,40975300,16.43759938557944,48.63212830025802
2024-06-26 00:00:00+00:00,157.5399932861328,157.5399932861328,160.74000549316406,156.0,160.60000610351562,36973400,16.379365641276046,45.58743325369694
2024-06-27 00:00:00+00:00,159.47000122070312,159.47000122070312,160.61000061035156,156.80999755859375,157.17999267578125,34018200,16.119265848795575,42.5816899893624
2024-06-28 00:00:00+00:00,162.2100067138672,162.2100067138672,166.4499969482422,159.41000366210938,160.22999572753906,56204600,16.144166920979817,39.92991323852533
2024-07-01 00:00:00+00:00,157.69000244140625,157.69000244140625,161.50999450683594,153.63999938964844,161.25,50436700,15.960901234944666,37.121805385044624
2024-07-02 00:00:00+00:00,164.30999755859375,164.30999755859375,164.5800018310547,156.6999969482422,157.0399932861328,57838600,16.330134582519534,34.89692580304821
2024-07-03 00:00:00+00:00,163.89999389648438,163.89999389648438,165.25999450683594,162.50999450683594,164.1999969482422,26980900,16.895700378417963,33.197705557686945
2024-07-05 00:00:00+00:00,171.89999389648438,171.89999389648438,174.0399932861328,165.67999267578125,165.97000122070312,61857100,18.251699015299472,32.82903050013952
2024-07-08 00:00:00+00:00,178.69000244140625,178.69000244140625,178.9499969482422,173.22000122070312,174.89999389648438,60223400,20.26813191731771,34.24009016200478
2024-07-09 00:00:00+00:00,177.10000610351562,177.10000610351562,180.41000366210938,174.6999969482422,177.97000122070312,43395600,22.04239944458009,36.88563331821992
2024-07-10 00:00:00+00:00,183.9600067138672,183.9600067138672,187.27999877929688,177.8000030517578,179.99000549316406,90247000,23.56003438313802,41.13759131731307
2024-07-11 00:00:00+00:00,181.94000244140625,181.94000244140625,187.11000061035156,177.25,184.07000732421875,59231400,24.164302113850898,46.35557802908756
2024-07-12 00:00:00+00:00,181.61000061035156,181.61000061035156,186.99000549316406,179.69000244140625,182.02000427246094,50827400,23.783402252197252,52.03239331926617
2024-07-15 00:00:00+00:00,179.8300018310547,179.8300018310547,185.5,178.5399932861328,184.4499969482422,42202700,22.46680170694986,57.692934378487735
2024-07-16 00:00:00+00:00,177.5500030517578,177.5500030517578,179.75,174.52999877929688,179.69000244140625,40633100,20.652601013183595,62.89384976196287
2024-07-17 00:00:00+00:00,159.42999267578125,159.42999267578125,169.8000030517578,159.3699951171875,169.8000030517578,76954200,17.027066090901705,65.79118967982699
2024-07-18 00:00:00+00:00,155.77000427246094,155.77000427246094,163.41000366210938,153.1999969482422,163.41000366210938,69420300,12.847865600585944,66.38244117518835
2024-07-19 00:00:00+00:00,151.5800018310547,151.5800018310547,155.80999755859375,150.6199951171875,154.86000061035156,47513100,9.048965708414709,64.63271265520376
2024-07-22 00:00:00+00:00,155.8699951171875,155.8699951171875,156.6999969482422,152.5399932861328,154.22999572753906,43912500,7.230198923746734,61.54241785975877
2024-07-23 00:00:00+00:00,154.0,154.0,157.0500030517578,153.8000030517578,154.9499969482422,31950600,7.088132324218748,57.35416880144402
2024-07-24 00:00:00+00:00,144.6300048828125,144.6300048828125,153.67999267578125,144.52999877929688,152.72000122070312,49203100,7.5578665161132745,51.56997459629613
2024-07-25 00:00:00+00:00,138.32000732421875,138.32000732421875,144.75,136.80999755859375,144.07000732421875,60578500,7.6257010396321565,44.135689653669175
2024-07-26 00:00:00+00:00,139.99000549316406,139.99000549316406,141.2899932861328,138.27000427246094,140.32000732421875,49435800,7.758801981608064,35.84475087629049
2024-07-29 00:00:00+00:00,139.75,139.75,144.58999633789062,138.75,141.19000244140625,47447200,8.057068684895835,27.041623190743575
2024-07-30 00:00:00+00:00,138.44000244140625,138.44000244140625,141.6999969482422,134.0500030517578,139.8800048828125,68801700,8.626868235270178,17.881358302525094
2024-07-31 00:00:00+00:00,144.47999572753906,144.47999572753906,153.60000610351562,140.02999877929688,150.72999572753906,114306800,10.11510014851888,9.191769823346814
2024-08-01 00:00:00+00:00,132.5399932861328,132.5399932861328,147.2899932861328,130.24000549316406,145.0,94731900,10.860365041097005,-0.07120245797290668
2024-08-02 00:00:00+00:00,132.5,132.5,137.10000610351562,131.3300018310547,133.5,78562000,10.987297566731767,-9.578583491734038
2024-08-05 00:00:00+00:00,134.82000732421875,134.82000732421875,139.13999938964844,121.83000183105469,122.16000366210938,76089400,11.005798492431635,-18.89168673706051
2024-08-06 00:00:00+00:00,130.17999267578125,130.17999267578125,136.44000244140625,129.10000610351562,135.14999389648438,64455600,10.772498779296875,-28.39281364658895
2024-08-07 00:00:00+00:00,128.6699981689453,128.6699981689453,136.24000549316406,128.3699951171875,133.75,54676500,10.275799153645828,-38.06664911324635
2024-08-08 00:00:00+00:00,136.32000732421875,136.32000732421875,136.47999572753906,128.94000244140625,131.97000122070312,49037500,10.81860031127929,-46.915232212611635
2024-08-09 00:00:00+00:00,134.27000427246094,134.27000427246094,135.5,132.44000244140625,134.69000244140625,40583000,11.79080139160156,-55.109389138358
2024-08-12 00:00:00+00:00,136.77000427246094,136.77000427246094,137.99000549316406,133.22999572753906,134.44000244140625,39724300,13.046801961263023,-62.1635543692453
2024-08-13 00:00:00+00:00,141.1300048828125,141.1300048828125,141.19000244140625,137.52000427246094,138.1199951171875,42218000,14.586935679117838,-67.59822227696014
2024-08-14 00:00:00+00:00,140.75,140.75,143.25,137.63999938964844,143.0,35506400,15.937435201009112,-71.53035051618305
2024-08-15 00:00:00+00:00,147.36000061035156,147.36000061035156,147.9600067138672,141.80999755859375,143.0,43582400,17.238434193929034,-73.28757600620813
2024-08-16 00:00:00+00:00,148.55999755859375,148.55999755859375,149.3699951171875,145.1999969482422,145.6999969482422,31123900,18.30999959309895,-72.96828772844584
2024-08-19 00:00:00+00:00,155.27999877929688,155.27999877929688,155.3699951171875,147.72000122070312,148.42999267578125,60766900,19.573798726399726,-70.19290265764508
2024-08-20 00:00:00+00:00,156.39999389648438,156.39999389648438,162.0399932861328,154.50999450683594,156.49000549316406,76851200,20.529997762044253,-65.18710969761437
2024-08-21 00:00:00+00:00,157.80999755859375,157.80999755859375,158.64999389648438,155.07000732421875,156.1199951171875,42791200,21.083064168294264,-58.22335684204097
2024-08-22 00:00:00+00:00,151.6999969482422,151.6999969482422,159.83999633789062,151.00999450683594,158.8699951171875,45737300,20.35446436564127,-50.43558983503066
2024-08-23 00:00:00+00:00,154.97999572753906,154.97999572753906,156.39999389648438,151.8300018310547,153.60000610351562,43694600,19.196864776611324,-41.82082866995673
2024-08-26 00:00:00+00:00,149.99000549316406,149.99000549316406,158.27999877929688,148.91000366210938,154.6999969482422,49893300,17.362032775878905,-33.279969447544616
2024-08-27 00:00:00+00:00,150.5,150.5,151.6999969482422,148.44000244140625,150.1300048828125,35102700,15.658933919270831,-24.884998583112424
2024-08-28 00:00:00+00:00,146.36000061035156,146.36000061035156,150.42999267578125,144.72000122070312,149.39999389648438,34075800,13.951834615071608,-17.148501787458112
2024-08-29 00:00:00+00:00,145.49000549316406,145.49000549316406,149.49000549316406,144.47000122070312,146.58999633789062,31602100,12.747235260009761,-10.117232844761421
2024-08-30 00:00:00+00:00,148.55999755859375,148.55999755859375,148.99000549316406,145.25,147.52000427246094,31169100,12.3359683227539,-3.4230498526436994
2024-09-03 00:00:00+00:00,136.94000244140625,136.94000244140625,146.49000549316406,136.10000610351562,146.41000366210938,42172700,11.519667867024737,1.8218163059779335
2024-09-04 00:00:00+00:00,140.8699951171875,140.8699951171875,143.3699951171875,138.50999450683594,140.50999450683594,42130600,11.010400085449222,6.222447653634202
2024-09-05 00:00:00+00:00,139.44000244140625,139.44000244140625,141.7100067138672,137.8300018310547,138.1999969482422,25023000,10.774032999674489,9.812847826276526
2024-09-06 00:00:00+00:00,134.35000610351562,134.35000610351562,139.1300048828125,132.11000061035156,138.6999969482422,39993500,10.423566691080733,12.269988599504748
2024-09-09 00:00:00+00:00,138.14999389648438,138.14999389648438,138.4499969482422,134.86000061035156,136.10000610351562,27194500,10.476899770100912,14.184354287283778
2024-09-10 00:00:00+00:00,142.83999633789062,142.83999633789062,143.0800018310547,137.25,139.05999755859375,37217500,11.543432566324869,16.105108115060027
2024-09-11 00:00:00+00:00,149.86000061035156,149.86000061035156,150.16000366210938,140.7100067138672,145.32000732421875,50935400,13.699899139404295,18.7270564182827
2024-09-12 00:00:00+00:00,150.77000427246094,150.77000427246094,151.5399932861328,147.64999389648438,148.42999267578125,29286200,16.083399709065752,22.011270869663836
2024-09-13 00:00:00+00:00,152.30999755859375,152.30999755859375,153.02999877929688,150.6999969482422,152.32000732421875,25117200,18.159966532389323,25.783199314662433
2024-09-16 00:00:00+00:00,152.0800018310547,152.0800018310547,154.44000244140625,150.91000366210938,151.6999969482422,27677800,19.301600290934253,29.803610813685843
2024-09-17 00:00:00+00:00,150.82000732421875,150.82000732421875,154.0399932861328,149.22999572753906,153.5500030517578,29889000,19.26140121459962,33.69538310895649
2024-09-18 00:00:00+00:00,148.2899932861328,148.2899932861328,152.82000732421875,148.00999450683594,150.89999389648438,26320100,18.131400756835944,36.93948904418946
2024-09-19 00:00:00+00:00,156.74000549316406,156.74000549316406,159.25,152.77000427246094,153.80999755859375,44500000,17.478467356363936,40.27389847237719
2024-09-20 00:00:00+00:00,155.9499969482422,155.9499969482422,157.4499969482422,152.47000122070312,156.0,40248200,17.190933481852213,43.39527034214564
2024-09-23 00:00:00+00:00,156.75,156.75,157.19000244140625,154.97000122070312,156.4499969482422,21728500,17.284599761962887,46.34384788295197
2024-09-24 00:00:00+00:00,158.32000732421875,158.32000732421875,159.63999938964844,154.5800018310547,157.4600067138672,27531200,17.586466776529956,49.23642042323519
2024-09-25 00:00:00+00:00,162.02000427246094,162.02000427246094,162.9499969482422,158.17999267578125,158.5,35233300,18.267400919596362,52.43758458600722
2024-09-26 00:00:00+00:00,167.49000549316406,167.49000549316406,168.67999267578125,164.0500030517578,167.05999755859375,38044900,19.269668273925777,56.41214895193917
2024-09-27 00:00:00+00:00,164.35000610351562,164.35000610351562,168.72999572753906,163.74000549316406,167.47999572753906,27876000,19.84966878255208,60.667322160993294
2024-09-30 00:00:00+00:00,164.0800018310547,164.0800018310547,165.0800018310547,162.17999267578125,163.10000610351562,21881600,19.842335205078122,64.96804641287665
2024-10-01 00:00:00+00:00,159.75,159.75,165.39999389648438,158.0800018310547,164.47999572753906,31831900,18.87480092366536,68.82966728428431
2024-10-02 00:00:00+00:00,159.77999877929688,159.77999877929688,163.10000610351562,158.6699981689453,159.30999755859375,24630400,17.457366333007815,72.21235899135044
2024-10-03 00:00:00+00:00,162.85000610351562,162.85000610351562,166.7899932861328,159.39999389648438,159.7100067138672,29598800,16.37276606241862,75.39173947143556
2024-10-04 00:00:00+00:00,170.89999389648438,170.89999389648438,171.2100067138672,164.4199981689453,166.52999877929688,44556500,16.692565256754555,79.079687513079
2024-10-07 00:00:00+00:00,170.97000122070312,170.97000122070312,172.41000366210938,168.2100067138672,171.0800018310547,38379900,17.77849848429361,83.08932123674661
2024-10-08 00:00:00+00:00,172.8000030517578,172.8000030517578,173.60000610351562,170.0,171.75,34730200,19.194265645345048,87.51657228742327
2024-10-09 00:00:00+00:00,171.02000427246094,171.02000427246094,174.0500030517578,169.5500030517578,174.0500030517578,33890700,20.05273330688477,91.92991227068221
2024-10-10 00:00:00+00:00,164.17999267578125,164.17999267578125,172.00999450683594,162.0,169.75999450683594,75113600,19.513999633789073,95.47765706525526
2024-10-11 00:00:00+00:00,167.88999938964844,167.88999938964844,169.35000610351562,163.00999450683594,164.19000244140625,42136200,18.379166107177745,98.43482180786133
2024-10-14 00:00:00+00:00,165.27000427246094,165.27000427246094,168.89999389648438,165.14999389648438,167.77000427246094,31757200,16.980066375732427,100.36434990147183
2024-10-15 00:00:00+00:00,156.63999938964844,156.63999938964844,164.1300048828125,155.74000549316406,163.2100067138672,50768000,14.981966552734386,100.3749465157645
2024-10-16 00:00:00+00:00,156.1300048828125,156.1300048828125,158.27999877929688,154.9199981689453,158.07000732421875,30575800,13.097367095947273,98.71825493512837
2024-10-17 00:00:00+00:00,156.25,156.25,160.44000244140625,156.1999969482422,160.0,29491900,11.952367451985685,95.77550890677318
2024-10-18 00:00:00+00:00,155.97000122070312,155.97000122070312,158.00999450683594,155.55999755859375,157.41000366210938,23823000,11.59940083821615,91.9049429277693
2024-10-21 00:00:00+00:00,157.89999389648438,157.89999389648438,158.0,154.14999389648438,155.75999450683594,25781200,12.10609985351562,87.62990484183184
2024-10-22 00:00:00+00:00,154.08999633789062,154.08999633789062,156.74000549316406,151.91000366210938,156.60000610351562,34997400,12.817298889160146,82.73855777413513
2024-10-23 00:00:00+00:00,152.91000366210938,152.91000366210938,153.4499969482422,150.52000427246094,153.0,26095900,13.354298858642574,77.37452828979505
2024-10-24 00:00:00+00:00,153.44000244140625,153.44000244140625,155.19000244140625,152.35000610351562,154.74000549316406,22877000,13.684299468994144,71.78054762050098
2024-10-25 00:00:00+00:00,156.22999572753906,156.22999572753906,158.91000366210938,155.0500030517578,155.39999389648438,29758500,14.231066284179693,66.33995222691138
2024-10-28 00:00:00+00:00,159.9199981689453,159.9199981689453,160.27999877929688,157.0399932861328,158.5,36010100,15.209399719238283,61.425722477504294
2024-10-29 00:00:00+00:00,166.25,166.25,167.50999450683594,158.94000244140625,161.10000610351562,71896000,16.94243316650391,57.60373287527908
2024-10-30 00:00:00+00:00,148.60000610351562,148.60000610351562,153.1199951171875,148.10000610351562,153.00999450683594,87701700,16.93330052693686,52.91056410435273
2024-10-31 00:00:00+00:00,144.07000732421875,144.07000732421875,148.67999267578125,143.3300018310547,147.8000030517578,44386600,15.29763488769532,47.11513038853238
